{
  "resourceType" : "Observation",
  "id" : "observation-iop-goldman-right-eye",
  "meta" : {
    "profile" : [
      "http://hl7.org/fhir/uv/eyecare/StructureDefinition/observation-iop"
    ]
  },
  "text" : {
    "status" : "generated",
    "div" : "divTMPL"
  },
  "status" : "final",
  "category" : [
    {
      "coding" : [
        {
          "system" : "http://terminology.hl7.org/CodeSystem/observation-category",
          "code" : "exam",
          "display" : "Exam"
        }
      ]
    }
  ],
  "code" : {
    "coding" : [
      {
        "system": "http://loinc.org",
        "code": "79892-6",
        "display": "right eye Intraocular pressure"
      },
      {
        "system" : "https://snomedbrowser.com/Codes/Details/417723001",
        "code" : "XaKRY",
        "display" : "Intraocular pressure right eye"
      }
    ]
  },
  "subject" : {
    "reference" : "Patient/ophthal-patient-right-eye"
  },
  "component":[
    "cmpnntTMPL"
  ],
  "bodySite" : {
    "extension" : [
      {
        "url" : "http://hl7.org/fhir/StructureDefinition/bodySite",
        "valueReference" : {
          "reference" : "BodyStructure/bodystructure-right-eye"
        }
      }
    ]
  },
  "method" : {
    "coding" : [
      {
        "system" : "http://snomed.info/sct",
        "code" : "389152008",
        "display" : "Goldmann applanation tonometry"
      }
    ]
  }
}
