{"cmd": "nnoremap <leader>jos :call jukit#splits#output()<cr>\n\"   - Opens a new output window and executes the command specified in `g:jukit_shell_cmd`\nnnoremap <leader>ts :call jukit#splits#term()<cr>\n\"   - Opens a new output window without executing any command\nnnoremap <leader>hs :call jukit#splits#history()<cr>\n\"   - Opens a new output-history window, where saved ipython outputs are displayed\nnnoremap <leader>ohs :call jukit#splits#output_and_history()<cr>\n\"   - Shortcut for opening output terminal and output-history\nnnoremap <leader>hd :call jukit#splits#close_history()<cr>\n\"   - Close output-history window\nnnoremap <leader>od :call jukit#splits#close_output_split()<cr>\n\"   - Close output window\nnnoremap <leader>ohd :call jukit#splits#close_output_and_history(1)<cr>\n\"   - Close both windows. Argument: Whether or not to ask you to confirm before closing.\nnnoremap <leader>jlc :call jukit#splits#show_last_cell_output(1)<cr>\n\"   - Show output of current cell (determined by current cursor position) in output-history window. Argument: Whether or not to reload outputs if cell id of outputs to display is the same as the last cell id for which outputs were displayed\nnnoremap <leader>j :call jukit#splits#out_hist_scroll(1)<cr>\n\"   - Scroll down in output-history window. Argument: whether to scroll down (1) or up (0)\nnnoremap <leader>k :call jukit#splits#out_hist_scroll(0)<cr>\n\"   - Scroll up in output-history window. Argument: whether to scroll down (1) or up (0)\nnnoremap <leader>ah :call jukit#splits#toggle_auto_hist()<cr>\n\"   - Create/delete autocmd for displaying saved output on CursorHold. Also, see explanation for `g:jukit_auto_output_hist`\nnnoremap <leader>sl :call jukit#layouts#set_layout()<cr>\n\"   - Apply layout (see `g:jukit_layout`) to current splits - NOTE: it is expected that this function is called from the main file buffer/split\n\nnnoremap <leader><space> :call jukit#send#section(0)<cr>\n\"   - Send code within the current cell to output split (also saves the output if ipython is used and `g:jukit_save_output==1`). Argument: if 1, will move the cursor to the next cell below after sending the code to the split, otherwise cursor position stays the same.\nnnoremap <cr> :call jukit#send#line()<cr>\n\"   - Send current line to output split\nvnoremap <cr> :<C-U>call jukit#send#selection()<cr>\n\"   - Send visually selected code to output split\nnnoremap <leader>cc :call jukit#send#until_current_section()<cr>\n\"   - Execute all cells until the current cell\nnnoremap <leader>all :call jukit#send#all()<cr>\n\"   - Execute all cells", "outhist_cell": "NONE", "is_md": 0, "cmd_opts": " --cell_id=NONE -s", "import_complete": 0, "terminal": "nvimterm"}